
-- Categories (10)
INSERT INTO categories (category_id, name) VALUES
(1, 'Weapons'),
(2, 'Armor'),
(3, 'Potions'),
(4, 'Ingredients'),
(5, 'Books'),
(6, 'Scrolls'),
(7, 'Food'),
(8, 'Misc'),
(9, 'Jewelry'),
(10, 'Tools');

-- Vendors (1)
INSERT INTO vendors (vendor_id, name, location) VALUES
(1, 'Belethor', 'Whiterun');

-- Characters (60)
INSERT INTO characters (character_id, name, race, faction) VALUES
(1, 'Aela the Huntress', 'Nord', 'Companions'),
(2, 'Farkas', 'Nord', 'Companions'),
(3, 'Vilkas', 'Nord', 'Companions'),
(4, 'Bogdan', 'Imperial', 'Merchant'),
(5, 'Farengar', 'Nord', 'Court Mage'),
(6, 'Adrianne Avenicci', 'Imperial', 'Blacksmith'),
(7, 'Olava the Feeble', 'Nord', 'Civilian'),
(8, 'Arcadia', 'Imperial', 'Alchemist'),
(9, 'Nazeem', 'Redguard', 'Civilian'),
(10, 'Uthgerd the Unbroken', 'Nord', 'Mercenary'),
(11, 'Sadia', 'Redguard', 'Worker'),
(12, 'Amren', 'Redguard', 'Guard'),
(13, 'Idolaf Battle-Born', 'Nord', 'Noble'),
(14, 'Jon Battle-Born', 'Nord', 'Noble'),
(15, 'Eorlund Gray-Mane', 'Nord', 'Blacksmith'),
(16, 'Athis', 'Dunmer', 'Companions'),
(17, 'Mjoll the Lioness', 'Nord', 'Warrior'),
(18, 'Lydia', 'Nord', 'Housecarl'),
(19, 'Delphine', 'Nord', 'Blades'),
(20, 'Esbern', 'Nord', 'Blades'),
(21, 'Brynjolf', 'Nord', 'Thieves Guild'),
(22, 'Karliah', 'Dunmer', 'Thieves Guild'),
(23, 'Mercer Frey', 'Imperial', 'Thieves Guild'),
(24, 'Astrid', 'Nord', 'Dark Brotherhood'),
(25, 'Cicero', 'Imperial', 'Dark Brotherhood'),
(26, 'Babette', 'Vampire', 'Dark Brotherhood'),
(27, 'Marcurio', 'Imperial', 'Mage'),
(28, 'Balgruuf the Greater', 'Nord', 'Jarl'),
(29, 'Irileth', 'Dunmer', 'Guard'),
(30, 'Proventus Avenicci', 'Imperial', 'Courtier'),
(31, 'Inigo', 'Khajiit', 'Follower'),
(32, 'Kharjo', 'Khajiit', 'Guard'),
(33, 'Jenassa', 'Dunmer', 'Mercenary'),
(34, 'Erik the Slayer', 'Nord', 'Warrior'),
(35, 'Ralof', 'Nord', 'Stormcloak'),
(36, 'Hadvar', 'Nord', 'Imperial Legion'),
(37, 'Tolfdir', 'Nord', 'Mage'),
(38, 'Brelyna Maryon', 'Dunmer', 'Mage'),
(39, 'Onmund', 'Nord', 'Mage'),
(40, 'Jordis the Sword-Maiden', 'Nord', 'Housecarl'),
(41, 'Ghorbash', 'Orsimer', 'Warrior'),
(42, 'Uglarz', 'Orsimer', 'Civilian'),
(43, 'Ysolda', 'Nord', 'Merchant'),
(44, 'Alvor', 'Nord', 'Blacksmith'),
(45, 'Sigrid', 'Nord', 'Civilian'),
(46, 'Faendal', 'Bosmer', 'Follower'),
(47, 'Hod', 'Nord', 'Worker'),
(48, 'Camilla Valerius', 'Imperial', 'Merchant'),
(49, 'Lucan Valerius', 'Imperial', 'Merchant'),
(50, 'Senna', 'Imperial', 'Priest'),
(51, 'Fjora', 'Nord', 'Civilian'),
(52, 'Temba Wide-Arm', 'Nord', 'Worker'),
(53, 'Maven Black-Briar', 'Imperial', 'Noble'),
(54, 'Hemming Black-Briar', 'Nord', 'Noble'),
(55, 'Maul', 'Nord', 'Thug'),
(56, 'Aerin', 'Nord', 'Civilian'),
(57, 'Grelka', 'Nord', 'Merchant'),
(58, 'Drifa', 'Nord', 'Worker'),
(59, 'Sorex', 'Khajiit', 'Merchant'),
(60, 'Njada Stonearm', 'Nord', 'Companions');

-- Products (80) - list is explicit and consistent
INSERT INTO products (product_id, name, category_id, price) VALUES
(1, 'Iron Sword', 1, 25.00),
(2, 'Steel Sword', 1, 45.00),
(3, 'Elven Bow', 1, 180.00),
(4, 'Dwarven War Axe', 1, 150.00),
(5, 'Iron Armor', 2, 90.00),
(6, 'Steel Armor', 2, 160.00),
(7, 'Elven Armor', 2, 250.00),
(8, 'Leather Helmet', 2, 40.00),
(9, 'Health Potion', 3, 35.00),
(10, 'Stamina Potion', 3, 30.00),
(11, 'Magicka Potion', 3, 40.00),
(12, 'Giant’s Toe', 4, 20.00),
(13, 'Frost Salts', 4, 60.00),
(14, 'Fire Salts', 4, 60.00),
(15, 'Potion Recipe: Healing', 5, 15.00),
(16, 'Spell Tome: Firebolt', 6, 100.00),
(17, 'Spell Tome: Healing', 6, 75.00),
(18, 'Apple Pie', 7, 10.00),
(19, 'Salt Pile', 7, 2.00),
(20, 'Soul Gem (Petty)', 8, 25.00),
(21, 'Soul Gem (Common)', 8, 75.00),
(22, 'Silver Ring', 9, 55.00),
(23, 'Gold Necklace', 9, 120.00),
(24, 'Pickaxe', 10, 30.00),
(25, 'Woodcutter’s Axe', 10, 20.00),
(26, 'Torch', 8, 5.00),
(27, 'Lockpick', 8, 3.00),
(28, 'Ruby', 9, 250.00),
(29, 'Sapphire', 9, 200.00),
(30, 'Iron Dagger', 1, 10.00),
(31, 'Steel Mace', 1, 55.00),
(32, 'Studded Armor', 2, 125.00),
(33, 'Nord Mead', 7, 12.00),
(34, 'Venison', 7, 15.00),
(35, 'Moon Sugar', 4, 18.00),
(36, 'Potion of Fortify Health', 3, 75.00),
(37, 'Potion of Fortify Stamina', 3, 70.00),
(38, 'Potion of Fortify Magicka', 3, 80.00),
(39, 'Scroll of Fireball', 6, 150.00),
(40, 'Scroll of Raise Zombie', 6, 120.00),
(41, 'Ebony Dagger', 1, 95.00),
(42, 'Glass Sword', 1, 320.00),
(43, 'Orcish Greatsword', 1, 130.00),
(44, 'Steel Helmet', 2, 85.00),
(45, 'Dwarven Shield', 2, 130.00),
(46, 'Elven Shield', 2, 160.00),
(47, 'Daedric Mace', 1, 540.00),
(48, 'Glass Bow', 1, 260.00),
(49, 'Ebony Bow', 1, 380.00),
(50, 'Daedric Bow', 1, 600.00),
(51, 'Iron Boots', 2, 40.00),
(52, 'Steel Boots', 2, 65.00),
(53, 'Elven Boots', 2, 95.00),
(54, 'Glass Boots', 2, 180.00),
(55, 'Silver Necklace', 9, 90.00),
(56, 'Gold Ring', 9, 140.00),
(57, 'Herb: Juniper', 4, 5.00),
(58, 'Herb: Lavender', 4, 4.00),
(59, 'Herb: Giant Lichen', 4, 6.00),
(60, 'Cooked Beef', 7, 8.00),
(61, 'Steamed Mudcrab Legs', 7, 8.00),
(62, 'Bottle of Honningbrew Mead', 7, 15.00),
(63, 'Bottle of Black-Briar Mead', 7, 25.00),
(64, 'Vegetable Soup', 7, 5.00),
(65, 'Beef Stew', 7, 12.00),
(66, 'Leather Strips', 8, 5.00),
(67, 'Iron Ingot', 8, 10.00),
(68, 'Corundum Ingot', 8, 25.00),
(69, 'Flawless Ruby', 9, 450.00),
(70, 'Flawless Sapphire', 9, 500.00),
(71, 'Flawless Emerald', 9, 650.00),
(72, 'Potion of Invisibility', 3, 450.00),
(73, 'Potion of Ultimate Healing', 3, 350.00),
(74, 'Mammoth Steak', 7, 18.00),
(75, 'Charred Skeever Meat', 7, 5.00),
(76, 'Jug of Milk', 7, 5.00),
(77, 'Honey Nut Treat', 7, 3.00),
(78, 'Pickaxe (Heavy)', 10, 45.00),
(79, 'Hand Axe', 1, 20.00),
(80, 'Bow String', 8, 2.50);

-- Transactions (90) - vendor_id set to 1 for Belethor
INSERT INTO transactions (transaction_id, character_id, vendor_id, tx_date) VALUES
(1, 1, 1, '2024-01-02'),
(2, 4, 1, '2024-01-02'),
(3, 10, 1, '2024-01-03'),
(4, 15, 1, '2024-01-04'),
(5, 19, 1, '2024-01-05'),
(6, 22, 1, '2024-01-06'),
(7, 30, 1, '2024-01-07'),
(8, 35, 1, '2024-01-08'),
(9, 40, 1, '2024-01-09'),
(10, 50, 1, '2024-01-10'),
(11, 2, 1, '2024-01-11'),
(12, 3, 1, '2024-01-12'),
(13, 5, 1, '2024-01-13'),
(14, 6, 1, '2024-01-14'),
(15, 7, 1, '2024-01-15'),
(16, 8, 1, '2024-01-16'),
(17, 9, 1, '2024-01-17'),
(18, 11, 1, '2024-01-18'),
(19, 12, 1, '2024-01-19'),
(20, 13, 1, '2024-01-20'),
(21, 14, 1, '2024-01-21'),
(22, 16, 1, '2024-01-22'),
(23, 17, 1, '2024-01-23'),
(24, 18, 1, '2024-01-24'),
(25, 20, 1, '2024-01-25'),
(26, 21, 1, '2024-01-26'),
(27, 23, 1, '2024-01-27'),
(28, 24, 1, '2024-01-28'),
(29, 25, 1, '2024-01-29'),
(30, 26, 1, '2024-01-30'),
(31, 27, 1, '2024-01-31'),
(32, 28, 1, '2024-02-01'),
(33, 29, 1, '2024-02-02'),
(34, 31, 1, '2024-02-03'),
(35, 32, 1, '2024-02-04'),
(36, 33, 1, '2024-02-05'),
(37, 34, 1, '2024-02-06'),
(38, 36, 1, '2024-02-07'),
(39, 37, 1, '2024-02-08'),
(40, 38, 1, '2024-02-09'),
(41, 39, 1, '2024-02-10'),
(42, 41, 1, '2024-02-11'),
(43, 42, 1, '2024-02-12'),
(44, 43, 1, '2024-02-13'),
(45, 44, 1, '2024-02-14'),
(46, 45, 1, '2024-02-15'),
(47, 46, 1, '2024-02-16'),
(48, 47, 1, '2024-02-17'),
(49, 48, 1, '2024-02-18'),
(50, 49, 1, '2024-02-19'),
(51, 51, 1, '2024-02-20'),
(52, 52, 1, '2024-02-21'),
(53, 53, 1, '2024-02-22'),
(54, 54, 1, '2024-02-23'),
(55, 55, 1, '2024-02-24'),
(56, 56, 1, '2024-02-25'),
(57, 57, 1, '2024-02-26'),
(58, 58, 1, '2024-02-27'),
(59, 59, 1, '2024-02-28'),
(60, 60, 1, '2024-02-29'),
(61, 1, 1, '2024-03-01'),
(62, 2, 1, '2024-03-02'),
(63, 3, 1, '2024-03-03'),
(64, 4, 1, '2024-03-04'),
(65, 5, 1, '2024-03-05'),
(66, 6, 1, '2024-03-06'),
(67, 7, 1, '2024-03-07'),
(68, 8, 1, '2024-03-08'),
(69, 9, 1, '2024-03-09'),
(70, 10, 1, '2024-03-10'),
(71, 11, 1, '2024-03-11'),
(72, 12, 1, '2024-03-12'),
(73, 13, 1, '2024-03-13'),
(74, 14, 1, '2024-03-14'),
(75, 15, 1, '2024-03-15'),
(76, 16, 1, '2024-03-16'),
(77, 17, 1, '2024-03-17'),
(78, 18, 1, '2024-03-18'),
(79, 19, 1, '2024-03-19'),
(80, 20, 1, '2024-03-20'),
(81, 21, 1, '2024-03-21'),
(82, 22, 1, '2024-03-22'),
(83, 23, 1, '2024-03-23'),
(84, 24, 1, '2024-03-24'),
(85, 25, 1, '2024-03-25'),
(86, 26, 1, '2024-03-26'),
(87, 27, 1, '2024-03-27'),
(88, 28, 1, '2024-03-28'),
(89, 29, 1, '2024-03-29'),
(90, 30, 1, '2024-03-30');

-- tx_items (150) 
INSERT INTO tx_items (tx_item_id, transaction_id, product_id, quantity) VALUES
(1,1,1,1),
(2,1,9,2),
(3,2,3,1),
(4,3,12,1),
(5,3,10,1),
(6,4,18,3),
(7,5,2,1),
(8,5,21,1),
(9,6,16,1),
(10,7,7,1),
(11,7,14,2),
(12,8,4,1),
(13,9,30,1),
(14,10,25,1),
(15,11,26,2),
(16,12,27,1),
(17,13,28,1),
(18,14,31,1),
(19,15,32,2),
(20,16,33,1),
(21,17,34,2),
(22,18,35,1),
(23,19,36,1),
(24,20,37,1),
(25,21,38,1),
(26,22,39,1),
(27,23,40,1),
(28,24,41,1),
(29,25,42,1),
(30,26,43,1),
(31,27,44,1),
(32,28,45,1),
(33,29,46,1),
(34,30,47,1),
(35,31,48,1),
(36,32,49,1),
(37,33,50,1),
(38,34,51,1),
(39,35,52,1),
(40,36,53,1),
(41,37,54,1),
(42,38,55,1),
(43,39,56,1),
(44,40,57,1),
(45,41,58,1),
(46,42,59,1),
(47,43,60,1),
(48,44,61,1),
(49,45,62,1),
(50,46,63,1),
(51,47,64,1),
(52,48,65,1),
(53,49,66,1),
(54,50,67,1),
(55,51,68,1),
(56,52,69,1),
(57,53,70,1),
(58,54,71,1),
(59,55,72,1),
(60,56,73,1),
(61,57,74,1),
(62,58,75,1),
(63,59,76,1),
(64,60,77,1),
(65,61,78,1),
(66,62,79,1),
(67,63,80,1),
(68,64,1,2),
(69,65,9,1),
(70,66,3,1),
(71,67,12,1),
(72,68,10,2),
(73,69,18,1),
(74,70,2,1),
(75,71,21,1),
(76,72,16,1),
(77,73,7,1),
(78,74,14,2),
(79,75,4,1),
(80,76,30,1),
(81,77,25,1),
(82,78,26,2),
(83,79,27,1),
(84,80,28,1),
(85,81,31,1),
(86,82,32,2),
(87,83,33,1),
(88,84,34,1),
(89,85,35,1),
(90,86,36,1),
(91,87,37,1),
(92,88,38,1),
(93,89,39,1),
(94,90,40,1),
(95,1,41,1),
(96,2,42,1),
(97,3,43,1),
(98,4,44,1),
(99,5,45,1),
(100,6,46,1),
(101,7,47,1),
(102,8,48,1),
(103,9,49,1),
(104,10,50,1),
(105,11,51,1),
(106,12,52,1),
(107,13,53,1),
(108,14,54,1),
(109,15,55,1),
(110,16,56,1),
(111,17,57,1),
(112,18,58,1),
(113,19,59,1),
(114,20,60,1),
(115,21,61,1),
(116,22,62,1),
(117,23,63,1),
(118,24,64,1),
(119,25,65,1),
(120,26,66,1),
(121,27,67,1),
(122,28,68,1),
(123,29,69,1),
(124,30,70,1),
(125,31,71,1),
(126,32,72,1),
(127,33,73,1),
(128,34,74,1),
(129,35,75,1),
(130,36,76,1),
(131,37,77,1),
(132,38,78,1),
(133,39,79,1),
(134,40,80,1),
(135,41,1,1),
(136,42,2,1),
(137,43,3,1),
(138,44,4,1),
(139,45,5,1),
(140,46,6,1),
(141,47,7,1),
(142,48,8,1),
(143,49,9,1),
(144,50,10,1),
(145,51,11,1),
(146,52,12,1),
(147,53,13,1),
(148,54,14,1),
(149,55,15,1),
(150,56,16,1);

-- end of seed_data.sql
